symbol,entry_date,exit_date_actual,entry_price,exit_price_actual,qty,actual_pnl_usd,sim_exit_date,sim_exit_price,simulated_pnl_usd,sim_exit_reason,improvement_usd,broker
ALB,2026-03-03,2026-03-10,166.0472,171.18,89,456.82,2026-03-03,162.7262,-295.56,emergency_sl,-752.38,ALPACA
ALB,2026-03-03,2026-03-10,165.1961,172.01,89,606.44,2026-03-03,161.8921,-294.05,emergency_sl,-900.49,ALPACA
ALB,2026-03-11,2026-03-12,168.043,163.61,784,-3475.45,2026-03-11,164.6821,-2634.91,emergency_sl,840.54,ALPACA
APP,2026-03-03,2026-03-03,417.12,440.43,1,23.31,2026-03-03,408.7776,-8.34,emergency_sl,-31.65,ALPACA
APP,2026-03-03,2026-03-03,415.77,440.89,1,25.12,2026-03-03,407.4546,-8.32,emergency_sl,-33.44,ALPACA
APP,2026-03-03,2026-03-03,414.71,441.29,1,26.58,2026-03-03,406.4158,-8.29,emergency_sl,-34.87,ALPACA
APP,2026-03-03,2026-03-03,440.7,443.4,1,2.7,2026-03-03,431.886,-8.81,emergency_sl,-11.51,ALPACA
APP,2026-03-03,2026-03-03,440.7,443.62,1,2.92,2026-03-03,431.886,-8.81,emergency_sl,-11.73,ALPACA
APP,2026-03-03,2026-03-10,439.7233,511.68,12,863.48,2026-03-03,430.9289,-105.53,emergency_sl,-969.01,ALPACA
APP,2026-03-03,2026-03-10,438.7183,512.14,6,440.53,2026-03-03,429.944,-52.65,emergency_sl,-493.18,ALPACA
APP,2026-03-03,2026-03-10,438.0,512.59,3,223.77,2026-03-03,429.24,-26.28,emergency_sl,-250.05,ALPACA
APP,2026-03-03,2026-03-11,437.86,473.78,2,71.84,2026-03-03,429.1028,-17.51,emergency_sl,-89.35,ALPACA
APP,2026-03-03,2026-03-11,437.5,476.25,2,77.5,2026-03-03,428.75,-17.5,emergency_sl,-95.0,ALPACA
COF,2026-03-03,2026-03-03,188.725,193.13,2,8.81,2026-03-03,193.73,10.01,blow_off,1.2,ALPACA
COF,2026-03-03,2026-03-03,188.55,193.54,2,9.98,2026-03-03,193.73,10.36,blow_off,0.38,ALPACA
COF,2026-03-03,2026-03-04,188.55,196.4,3,23.55,2026-03-03,193.73,15.54,blow_off,-8.01,ALPACA
COF,2026-03-03,2026-03-04,188.55,196.4,3,23.55,2026-03-03,193.73,15.54,blow_off,-8.01,ALPACA
COF,2026-03-04,2026-03-10,195.8769,183.7863,448,-5416.62,2026-03-06,191.9594,-1755.06,emergency_sl,3661.56,ALPACA
COIN,2026-03-03,2026-03-04,181.2433,199.79,6,111.28,2026-03-03,177.6185,-21.75,emergency_sl,-133.03,ALPACA
COIN,2026-03-04,2026-03-10,209.1977,196.7538,270,-3359.85,2026-03-04,205.0137,-1129.67,emergency_sl,2230.18,ALPACA
COIN,2026-03-11,2026-03-11,195.3387,198.25,32,93.16,2026-03-11,198.63,105.32,blow_off,12.16,ALPACA
COIN,2026-03-11,2026-03-11,195.1805,198.21,16,48.47,2026-03-11,198.63,55.19,blow_off,6.72,ALPACA
COIN,2026-03-11,2026-03-11,195.0923,198.3,8,25.66,2026-03-11,198.63,28.3,blow_off,2.64,ALPACA
COIN,2026-03-11,2026-03-11,195.0708,198.485,4,13.66,2026-03-11,198.63,14.24,blow_off,0.58,ALPACA
COIN,2026-03-11,2026-03-11,195.0708,198.57,2,7.0,2026-03-11,198.63,7.12,blow_off,0.12,ALPACA
COIN,2026-03-11,2026-03-11,195.0708,196.71,3,4.92,2026-03-11,198.63,10.68,blow_off,5.76,ALPACA
CVNA,2026-03-03,2026-03-05,313.0,323.65,2,21.3,2026-03-03,306.74,-12.52,emergency_sl,-33.82,ALPACA
CVNA,2026-03-03,2026-03-05,312.15,326.19,1,14.04,2026-03-03,305.907,-6.24,emergency_sl,-20.28,ALPACA
CVNA,2026-03-03,2026-03-05,311.32,323.8,1,12.48,2026-03-03,305.0936,-6.23,emergency_sl,-18.71,ALPACA
CVNA,2026-03-11,2026-03-11,321.6075,308.02,8,-108.7,2026-03-11,315.1754,-51.46,emergency_sl,57.24,ALPACA
CVNA,2026-03-11,2026-03-11,318.33,309.69,8,-69.12,2026-03-11,311.9634,-50.93,emergency_sl,18.19,ALPACA
HON,2026-03-11,2026-03-12,239.0995,234.1977,132,-647.03,2026-03-12,234.3175,-631.22,emergency_sl,15.81,ALPACA
HOOD,2026-03-03,2026-03-03,75.2533,77.04,3,5.36,2026-03-03,73.7483,-4.52,emergency_sl,-9.88,ALPACA
HOOD,2026-03-03,2026-03-03,75.25,77.2133,3,5.89,2026-03-03,73.745,-4.51,emergency_sl,-10.4,ALPACA
HOOD,2026-03-03,2026-03-03,75.25,77.38,3,6.39,2026-03-03,73.745,-4.51,emergency_sl,-10.9,ALPACA
HOOD,2026-03-03,2026-03-04,75.2232,80.9136,28,159.33,2026-03-03,73.7188,-42.13,emergency_sl,-201.46,ALPACA
HOOD,2026-03-03,2026-03-04,75.17,81.3639,28,173.43,2026-03-03,73.6666,-42.1,emergency_sl,-215.53,ALPACA
MRNA,2026-03-03,2026-03-04,50.14,55.3,5,25.8,2026-03-03,49.1372,-5.01,emergency_sl,-30.81,ALPACA
MRNA,2026-03-04,2026-03-10,58.535,53.63,208,-1020.24,2026-03-04,57.3643,-243.51,emergency_sl,776.73,ALPACA
MRNA,2026-03-11,2026-03-12,56.6968,54.2811,720,-1739.34,2026-03-11,55.5629,-816.43,emergency_sl,922.91,ALPACA
MRSH,2026-03-03,2026-03-09,184.23,179.02,2,-10.42,2026-03-09,180.5454,-7.37,emergency_sl,3.05,ALPACA
MSTR,2026-03-03,2026-03-04,130.89,144.61,2,27.44,2026-03-03,128.2722,-5.24,emergency_sl,-32.68,ALPACA
MSTR,2026-03-04,2026-03-10,146.3943,137.51,21,-186.57,2026-03-04,143.4664,-61.49,emergency_sl,125.08,ALPACA
MSTR,2026-03-11,2026-03-12,138.8913,136.05,91,-258.56,2026-03-11,136.1135,-252.78,emergency_sl,5.78,ALPACA
Q,2026-03-03,2026-03-04,115.5118,119.67,17,70.69,2026-03-03,116.12,10.34,blow_off,-60.35,ALPACA
Q,2026-03-04,2026-03-10,119.061,114.08,832,-4144.2,2026-03-05,116.6798,-1981.18,emergency_sl,2163.02,ALPACA
Q,2026-03-11,2026-03-12,115.0846,111.37,1518,-5638.82,2026-03-12,112.7829,-3493.97,emergency_sl,2144.85,ALPACA
QCOM,2026-03-04,2026-03-10,137.5039,133.2833,18,-75.97,2026-03-06,134.7538,-49.5,emergency_sl,26.47,ALPACA
SMCI,2026-03-03,2026-03-04,30.6887,31.07,8,3.05,2026-03-03,30.075,-4.91,emergency_sl,-7.96,ALPACA
SMCI,2026-03-04,2026-03-11,32.3311,32.81,213,102.0,2026-03-04,31.6845,-137.73,emergency_sl,-239.73,ALPACA
SMCI,2026-03-04,2026-03-11,32.2424,32.81,213,120.9,2026-03-04,31.5975,-137.35,emergency_sl,-258.25,ALPACA
SNA,2026-03-03,2026-03-09,379.98,364.67,1,-15.31,2026-03-06,372.3804,-7.6,emergency_sl,7.71,ALPACA
SNA,2026-03-03,2026-03-09,364.67,364.67,1,0.0,2026-03-03,383.84,19.17,blow_off,19.17,ALPACA
SNDK,2026-03-03,2026-03-09,580.29,548.83,1,-31.46,2026-03-03,568.6842,-11.61,emergency_sl,19.85,ALPACA
SNDK,2026-03-11,2026-03-11,625.0417,634.13,29,263.56,2026-03-11,655.43,881.26,blow_off,617.7,ALPACA
SNDK,2026-03-11,2026-03-11,624.4757,635.7,14,157.14,2026-03-11,655.43,433.36,blow_off,276.22,ALPACA
SNDK,2026-03-11,2026-03-11,624.0937,634.58,7,73.4,2026-03-11,655.43,219.35,blow_off,145.95,ALPACA
SNDK,2026-03-11,2026-03-11,624.246,634.5,4,41.02,2026-03-11,655.43,124.74,blow_off,83.72,ALPACA
SNDK,2026-03-11,2026-03-11,624.0,636.0,2,24.0,2026-03-11,655.43,62.86,blow_off,38.86,ALPACA
SNDK,2026-03-11,2026-03-11,624.0,635.5,1,11.5,2026-03-11,655.43,31.43,blow_off,19.93,ALPACA
SNDK,2026-03-11,2026-03-12,624.0,633.6,1,9.6,2026-03-11,655.43,31.43,blow_off,21.83,ALPACA
SNPS,2026-03-03,2026-03-10,427.43,433.78,5,31.75,2026-03-03,418.8814,-42.74,emergency_sl,-74.49,ALPACA
SNPS,2026-03-03,2026-03-10,426.9,433.54,1,6.64,2026-03-03,418.362,-8.54,emergency_sl,-15.18,ALPACA
SNPS,2026-03-03,2026-03-10,425.346,433.956,5,43.05,2026-03-03,416.8391,-42.53,emergency_sl,-85.58,ALPACA
WDC,2026-03-04,2026-03-10,267.54,275.99,12,101.4,2026-03-04,262.1892,-64.21,emergency_sl,-165.61,ALPACA
WDC,2026-03-04,2026-03-10,267.54,276.98,6,56.64,2026-03-04,262.1892,-32.1,emergency_sl,-88.74,ALPACA
WDC,2026-03-04,2026-03-10,267.54,276.99,6,56.7,2026-03-04,262.1892,-32.1,emergency_sl,-88.8,ALPACA
